priority,priority_class,anex_hotel_id,hotel_name,original_class,original_reason,effective_class,effective_reason,effective_source,queue_reason,catalog_candidate_count,geo_candidate_count,candidate_source,candidate_count,candidate_1_catalog_hotel_id,candidate_1_score,candidate_2_catalog_hotel_id,candidate_2_score,candidate_3_catalog_hotel_id,candidate_3_score,evidence_artifact_url
1,source_error,528,Sharm Holiday Resort,review,,review,details_unavailable,geo,details_unavailable,1,0,catalog_fallback,1,425,1.2,,,,,https://github.com/pyatkoff/poisk-turov-test/actions/runs/34231947633/artifacts/10058197990
1,source_error,39553,Double Tree By Hilton Sharks Bay Beach Side,review,,review,details_unavailable,geo,details_unavailable,1,0,catalog_fallback,1,148184,1.2,,,,,https://github.com/pyatkoff/poisk-turov-test/actions/runs/34231947633/artifacts/10058197990
2,review,551,Double Tree By Hilton Sharks Bay Mountain Side,review,,review,competing_candidates,geo,competing_candidates,1,18,geo,18,124758,0.9613,125469,0.9,251,0.8527,https://github.com/pyatkoff/poisk-turov-test/actions/runs/34231947633/artifacts/10058197990
2,review,1271,Reef Oasis Blue Bay,review,,review,insufficient_independent_evidence,geo,insufficient_independent_evidence,1,28,geo,28,138,0.8875,372,0.75,346,0.5912,https://github.com/pyatkoff/poisk-turov-test/actions/runs/34231947633/artifacts/10058197990
2,review,4364,Fantazia Resort Marsa Alam,review,,review,competing_candidates,geo,competing_candidates,1,4,geo,4,326,0.7034,151784,0.6828,438,0.45,https://github.com/pyatkoff/poisk-turov-test/actions/runs/34231947633/artifacts/10058197990
2,review,5058,Wadi Lahmy Azur Resort,review,,review,insufficient_independent_evidence,geo,insufficient_independent_evidence,1,1,geo,1,1985,0.9,,,,,https://github.com/pyatkoff/poisk-turov-test/actions/runs/34231947633/artifacts/10058197990
2,review,18787,Dream Lagoon & Aqua Park Resort,review,,review,insufficient_independent_evidence,geo,insufficient_independent_evidence,1,6,geo,6,65071,0.9,109045,0.667,68418,0.6246,https://github.com/pyatkoff/poisk-turov-test/actions/runs/34231947633/artifacts/10058197990
3,unmatched,465,Dreams Beach Resort & Aqua Park Sharm El Sheikh,unmatched,,unmatched,,catalog,no_saved_catalog_candidates,0,,catalog,0,,,,,,,https://github.com/pyatkoff/poisk-turov-test/actions/runs/34231947633/artifacts/10058197990
3,unmatched,466,Four Seasons Resort Sharm El Sheikh,unmatched,,unmatched,,catalog,no_saved_catalog_candidates,0,,catalog,0,,,,,,,https://github.com/pyatkoff/poisk-turov-test/actions/runs/34231947633/artifacts/10058197990
3,unmatched,468,Retac Qunay Dahab Resort & Spa,unmatched,,unmatched,,catalog,no_saved_catalog_candidates,0,,catalog,0,,,,,,,https://github.com/pyatkoff/poisk-turov-test/actions/runs/34231947633/artifacts/10058197990
3,unmatched,479,Naama Bay Promenade Beach Resort (Ex. Marriott Beach Front),unmatched,,unmatched,,catalog,no_saved_catalog_candidates,0,,catalog,0,,,,,,,https://github.com/pyatkoff/poisk-turov-test/actions/runs/34231947633/artifacts/10058197990
3,unmatched,480,Naama Bay Promenade Mountain View (Ex. Marriott Mountain View),unmatched,,unmatched,,catalog,no_saved_catalog_candidates,0,,catalog,0,,,,,,,https://github.com/pyatkoff/poisk-turov-test/actions/runs/34231947633/artifacts/10058197990
3,unmatched,484,V Hotel – Sharm El Sheikh,unmatched,,unmatched,,catalog,no_saved_catalog_candidates,0,,catalog,0,,,,,,,https://github.com/pyatkoff/poisk-turov-test/actions/runs/34231947633/artifacts/10058197990
3,unmatched,486,Reef Oasis Beach Resort Sharm El Sheikh,unmatched,,unmatched,,catalog,no_saved_catalog_candidates,0,,catalog,0,,,,,,,https://github.com/pyatkoff/poisk-turov-test/actions/runs/34231947633/artifacts/10058197990
3,unmatched,492,Movenpick Resort Sharm El Sheikh,unmatched,,unmatched,,catalog,no_saved_catalog_candidates,0,,catalog,0,,,,,,,https://github.com/pyatkoff/poisk-turov-test/actions/runs/34231947633/artifacts/10058197990
3,unmatched,504,Coral Sea Holiday Resort,unmatched,,unmatched,,catalog,no_saved_catalog_candidates,0,,catalog,0,,,,,,,https://github.com/pyatkoff/poisk-turov-test/actions/runs/34231947633/artifacts/10058197990
3,unmatched,519,Jaz Fanara Resort & Residence (Ex. Iberotel Club Fanara Sharm),unmatched,,unmatched,,catalog,no_saved_catalog_candidates,0,,catalog,0,,,,,,,https://github.com/pyatkoff/poisk-turov-test/actions/runs/34231947633/artifacts/10058197990
3,unmatched,547,Charmillion Club Resort,unmatched,,unmatched,,catalog,no_saved_catalog_candidates,0,,catalog,0,,,,,,,https://github.com/pyatkoff/poisk-turov-test/actions/runs/34231947633/artifacts/10058197990
3,unmatched,655,Verginia Sharm Resort & Aqua Park,unmatched,,unmatched,,catalog,no_saved_catalog_candidates,0,,catalog,0,,,,,,,https://github.com/pyatkoff/poisk-turov-test/actions/runs/34231947633/artifacts/10058197990
3,unmatched,762,Kingtut Aqua Park Beach Resort Hurghada,unmatched,,unmatched,,catalog,no_saved_catalog_candidates,0,,catalog,0,,,,,,,https://github.com/pyatkoff/poisk-turov-test/actions/runs/34231947633/artifacts/10058197990
3,unmatched,797,Empire Beach Aqua Park (Ex. Triton Empire Beach Resort Hurghada),unmatched,,unmatched,,catalog,no_saved_catalog_candidates,0,,catalog,0,,,,,,,https://github.com/pyatkoff/poisk-turov-test/actions/runs/34231947633/artifacts/10058197990
3,unmatched,798,Empire Hotel Aqua Park (Ex. Triton Empire Hotel Hurghada),unmatched,,unmatched,,catalog,no_saved_catalog_candidates,0,,catalog,0,,,,,,,https://github.com/pyatkoff/poisk-turov-test/actions/runs/34231947633/artifacts/10058197990
3,unmatched,815,Roulette 5* Sharm El Sheikh,unmatched,,unmatched,,catalog,no_saved_catalog_candidates,0,,catalog,0,,,,,,,https://github.com/pyatkoff/poisk-turov-test/actions/runs/34231947633/artifacts/10058197990
3,unmatched,817,Roulette 3* Sharm El Sheikh,unmatched,,unmatched,,catalog,no_saved_catalog_candidates,0,,catalog,0,,,,,,,https://github.com/pyatkoff/poisk-turov-test/actions/runs/34231947633/artifacts/10058197990
3,unmatched,818,Grand Rotana Resort & Spa Sharm El Sheikh,unmatched,,unmatched,,catalog,no_saved_catalog_candidates,0,,catalog,0,,,,,,,https://github.com/pyatkoff/poisk-turov-test/actions/runs/34231947633/artifacts/10058197990
3,unmatched,825,Parrotel Aqua Park Resort (Ex. Park Inn By Radisson Sharm),unmatched,,unmatched,,catalog,no_saved_catalog_candidates,0,,catalog,0,,,,,,,https://github.com/pyatkoff/poisk-turov-test/actions/runs/34231947633/artifacts/10058197990
3,unmatched,842,Swiss Inn Hurghada Resort (Ex. Hilton Hurghada Resort),unmatched,,unmatched,,catalog,no_saved_catalog_candidates,0,,catalog,0,,,,,,,https://github.com/pyatkoff/poisk-turov-test/actions/runs/34231947633/artifacts/10058197990
3,unmatched,926,Ivy Cyrene Sharm +13,unmatched,,unmatched,,catalog,no_saved_catalog_candidates,0,,catalog,0,,,,,,,https://github.com/pyatkoff/poisk-turov-test/actions/runs/34231947633/artifacts/10058197990
3,unmatched,983,Renaissance Sharm El Sheikh Golden View Beach Resort By Marriott,unmatched,,unmatched,,catalog,no_saved_catalog_candidates,0,,catalog,0,,,,,,,https://github.com/pyatkoff/poisk-turov-test/actions/runs/34231947633/artifacts/10058197990
3,unmatched,984,Sunny Days El Palacio Resort & Spa,unmatched,,unmatched,,catalog,no_saved_catalog_candidates,0,,catalog,0,,,,,,,https://github.com/pyatkoff/poisk-turov-test/actions/runs/34231947633/artifacts/10058197990
3,unmatched,986,Baron Resort Sharm El Sheikh,unmatched,,unmatched,,catalog,no_saved_catalog_candidates,0,,catalog,0,,,,,,,https://github.com/pyatkoff/poisk-turov-test/actions/runs/34231947633/artifacts/10058197990
3,unmatched,1102,Amwaj Oyoun Hotel & Resort Sharm El Sheikh,unmatched,,unmatched,,catalog,no_saved_catalog_candidates,0,,catalog,0,,,,,,,https://github.com/pyatkoff/poisk-turov-test/actions/runs/34231947633/artifacts/10058197990
3,unmatched,1275,Continental Plaza Beach & Aqua Park Resort Sharm El Sheikh,unmatched,,unmatched,,catalog,no_saved_catalog_candidates,0,,catalog,0,,,,,,,https://github.com/pyatkoff/poisk-turov-test/actions/runs/34231947633/artifacts/10058197990
3,unmatched,1351,Palace Beach Hotel By White Valley Hotels & Resorts,unmatched,,unmatched,,catalog,no_saved_catalog_candidates,0,,catalog,0,,,,,,,https://github.com/pyatkoff/poisk-turov-test/actions/runs/34231947633/artifacts/10058197990
3,unmatched,1361,Pickalbatros Laguna Club Resort Sharm El Sheikh,unmatched,,unmatched,,catalog,no_saved_catalog_candidates,0,,catalog,0,,,,,,,https://github.com/pyatkoff/poisk-turov-test/actions/runs/34231947633/artifacts/10058197990
3,unmatched,1445,Sunrise Diamond Beach Resort Grand Select,unmatched,,unmatched,,catalog,no_saved_catalog_candidates,0,,catalog,0,,,,,,,https://github.com/pyatkoff/poisk-turov-test/actions/runs/34231947633/artifacts/10058197990
3,unmatched,1631,Sunny Days Mirette Family Aqua Park Resort,unmatched,,unmatched,,catalog,no_saved_catalog_candidates,0,,catalog,0,,,,,,,https://github.com/pyatkoff/poisk-turov-test/actions/runs/34231947633/artifacts/10058197990
3,unmatched,1651,Elysees Hotel Hurghada (Ex. Elysees Dream Beach Hotel Hurghada),unmatched,,unmatched,,catalog,no_saved_catalog_candidates,0,,catalog,0,,,,,,,https://github.com/pyatkoff/poisk-turov-test/actions/runs/34231947633/artifacts/10058197990
3,unmatched,1655,Swissotel Resort El Quseir,unmatched,,unmatched,,catalog,no_saved_catalog_candidates,0,,catalog,0,,,,,,,https://github.com/pyatkoff/poisk-turov-test/actions/runs/34231947633/artifacts/10058197990
3,unmatched,1656,Stella Di Mare Beach Hotel & Spa Sharm El Sheikh,unmatched,,unmatched,,catalog,no_saved_catalog_candidates,0,,catalog,0,,,,,,,https://github.com/pyatkoff/poisk-turov-test/actions/runs/34231947633/artifacts/10058197990
3,unmatched,1663,Sultan Gardens Resort Sharm El Sheikh,unmatched,,unmatched,,catalog,no_saved_catalog_candidates,0,,catalog,0,,,,,,,https://github.com/pyatkoff/poisk-turov-test/actions/runs/34231947633/artifacts/10058197990
3,unmatched,1771,Domina Coral Bay Prestige Pool Sharm El Sheikh,unmatched,,unmatched,,catalog,no_saved_catalog_candidates,0,,catalog,0,,,,,,,https://github.com/pyatkoff/poisk-turov-test/actions/runs/34231947633/artifacts/10058197990
3,unmatched,1772,Domina Coral Bay Prestige Sea Sharm El Sheikh,unmatched,,unmatched,,catalog,no_saved_catalog_candidates,0,,catalog,0,,,,,,,https://github.com/pyatkoff/poisk-turov-test/actions/runs/34231947633/artifacts/10058197990
3,unmatched,1783,Amwaj Beach Club Aqua Park & Spa,unmatched,,unmatched,,catalog,no_saved_catalog_candidates,0,,catalog,0,,,,,,,https://github.com/pyatkoff/poisk-turov-test/actions/runs/34231947633/artifacts/10058197990
3,unmatched,1799,Charmillion Gardens Aqua Park,unmatched,,unmatched,,catalog,no_saved_catalog_candidates,0,,catalog,0,,,,,,,https://github.com/pyatkoff/poisk-turov-test/actions/runs/34231947633/artifacts/10058197990
3,unmatched,3253,ROMA Dexon Hotel & Aqua Park(ex.Roma Host Way Aqua Park),unmatched,,unmatched,,catalog,no_saved_catalog_candidates,0,,catalog,0,,,,,,,https://github.com/pyatkoff/poisk-turov-test/actions/runs/34231947633/artifacts/10058197990
3,unmatched,3786,Onatti Beach Resort,unmatched,,unmatched,,catalog,no_saved_catalog_candidates,0,,catalog,0,,,,,,,https://github.com/pyatkoff/poisk-turov-test/actions/runs/34231947633/artifacts/10058197990
3,unmatched,4130,The Three Corners Sea Beach Resort Marsa Alam,unmatched,,unmatched,,catalog,no_saved_catalog_candidates,0,,catalog,0,,,,,,,https://github.com/pyatkoff/poisk-turov-test/actions/runs/34231947633/artifacts/10058197990
3,unmatched,4152,Sentido Reef Oasis Senses Resort Sharm El Sheikh,unmatched,,unmatched,,catalog,no_saved_catalog_candidates,0,,catalog,0,,,,,,,https://github.com/pyatkoff/poisk-turov-test/actions/runs/34231947633/artifacts/10058197990
3,unmatched,4158,Barcelo Tiran Sharm Hotel Sharm El Sheikh,unmatched,,unmatched,,catalog,no_saved_catalog_candidates,0,,catalog,0,,,,,,,https://github.com/pyatkoff/poisk-turov-test/actions/runs/34231947633/artifacts/10058197990
3,unmatched,4291,Beach Albatros Resort Hurghada,unmatched,,unmatched,,catalog,no_saved_catalog_candidates,0,,catalog,0,,,,,,,https://github.com/pyatkoff/poisk-turov-test/actions/runs/34231947633/artifacts/10058197990
3,unmatched,4292,Pickalbatros Jungle Aqua Park Resort Neverland Hurghada,unmatched,,unmatched,,catalog,no_saved_catalog_candidates,0,,catalog,0,,,,,,,https://github.com/pyatkoff/poisk-turov-test/actions/runs/34231947633/artifacts/10058197990
3,unmatched,4293,Pickalbatros Aqua Vista Resort Hurghada,unmatched,,unmatched,,catalog,no_saved_catalog_candidates,0,,catalog,0,,,,,,,https://github.com/pyatkoff/poisk-turov-test/actions/runs/34231947633/artifacts/10058197990
3,unmatched,4296,Pickalbatros Aqua Park Resort Hurghada,unmatched,,unmatched,,catalog,no_saved_catalog_candidates,0,,catalog,0,,,,,,,https://github.com/pyatkoff/poisk-turov-test/actions/runs/34231947633/artifacts/10058197990
3,unmatched,4515,Faraana Heights Hotel Sharm El Sheikh,unmatched,,unmatched,,catalog,no_saved_catalog_candidates,0,,catalog,0,,,,,,,https://github.com/pyatkoff/poisk-turov-test/actions/runs/34231947633/artifacts/10058197990
3,unmatched,4661,Sun & Sea Hotel Hurghada,unmatched,,unmatched,,catalog,no_saved_catalog_candidates,0,,catalog,0,,,,,,,https://github.com/pyatkoff/poisk-turov-test/actions/runs/34231947633/artifacts/10058197990
3,unmatched,4729,Titanic Beach Spa & Aqua Park Hurghada,unmatched,,unmatched,,catalog,no_saved_catalog_candidates,0,,catalog,0,,,,,,,https://github.com/pyatkoff/poisk-turov-test/actions/runs/34231947633/artifacts/10058197990
3,unmatched,4730,Titanic Palace Spa & Aqua Park Hurghada,unmatched,,unmatched,,catalog,no_saved_catalog_candidates,0,,catalog,0,,,,,,,https://github.com/pyatkoff/poisk-turov-test/actions/runs/34231947633/artifacts/10058197990
3,unmatched,4952,Viva Sharm Hotel,unmatched,,unmatched,,catalog,no_saved_catalog_candidates,0,,catalog,0,,,,,,,https://github.com/pyatkoff/poisk-turov-test/actions/runs/34231947633/artifacts/10058197990
3,unmatched,4954,Charmillion Club Aqua Park,unmatched,,unmatched,,catalog,no_saved_catalog_candidates,0,,catalog,0,,,,,,,https://github.com/pyatkoff/poisk-turov-test/actions/runs/34231947633/artifacts/10058197990
3,unmatched,5129,Jaz Makadi Oasis Resort,unmatched,,unmatched,,catalog,no_saved_catalog_candidates,0,,catalog,0,,,,,,,https://github.com/pyatkoff/poisk-turov-test/actions/runs/34231947633/artifacts/10058197990
3,unmatched,5133,JAZ Elite Palace (EX. Iberotel Palace Sharm El Sheikh),unmatched,,unmatched,,catalog,no_saved_catalog_candidates,0,,catalog,0,,,,,,,https://github.com/pyatkoff/poisk-turov-test/actions/runs/34231947633/artifacts/10058197990
3,unmatched,5173,Roulette 4* Sharm El Sheikh,unmatched,,unmatched,,catalog,no_saved_catalog_candidates,0,,catalog,0,,,,,,,https://github.com/pyatkoff/poisk-turov-test/actions/runs/34231947633/artifacts/10058197990
3,unmatched,5216,Coral Hills Resort Sharm El Sheikh,unmatched,,unmatched,,catalog,no_saved_catalog_candidates,0,,catalog,0,,,,,,,https://github.com/pyatkoff/poisk-turov-test/actions/runs/34231947633/artifacts/10058197990
3,unmatched,7649,Sunrise Montemare Resort,unmatched,,unmatched,,catalog,no_saved_catalog_candidates,0,,catalog,0,,,,,,,https://github.com/pyatkoff/poisk-turov-test/actions/runs/34231947633/artifacts/10058197990
3,unmatched,10317,Happy Life Village Dahab,unmatched,,unmatched,,catalog,no_saved_catalog_candidates,0,,catalog,0,,,,,,,https://github.com/pyatkoff/poisk-turov-test/actions/runs/34231947633/artifacts/10058197990
3,unmatched,10449,Time Coral Nuweiba,unmatched,,unmatched,,catalog,no_saved_catalog_candidates,0,,catalog,0,,,,,,,https://github.com/pyatkoff/poisk-turov-test/actions/runs/34231947633/artifacts/10058197990
3,unmatched,13355,Steigenberger Alcazar Sharm El Sheikh,unmatched,,unmatched,,catalog,no_saved_catalog_candidates,0,,catalog,0,,,,,,,https://github.com/pyatkoff/poisk-turov-test/actions/runs/34231947633/artifacts/10058197990
3,unmatched,14656,Stella Beach Resort & Spa Makadi Bay,unmatched,,unmatched,,catalog,no_saved_catalog_candidates,0,,catalog,0,,,,,,,https://github.com/pyatkoff/poisk-turov-test/actions/runs/34231947633/artifacts/10058197990
3,unmatched,14824,Royal Star Beach Resort (Ex. The Three Corners Royal Star Beach),unmatched,,unmatched,,catalog,no_saved_catalog_candidates,0,,catalog,0,,,,,,,https://github.com/pyatkoff/poisk-turov-test/actions/runs/34231947633/artifacts/10058197990
3,unmatched,14903,Pickalbatros Aqua Blu Resort Hurghada (Ex. Albatros Sea World),unmatched,,unmatched,,catalog,no_saved_catalog_candidates,0,,catalog,0,,,,,,,https://github.com/pyatkoff/poisk-turov-test/actions/runs/34231947633/artifacts/10058197990
3,unmatched,16030,Pickalbatros Aqua Park Resort Sharm El Sheikh,unmatched,,unmatched,,catalog,no_saved_catalog_candidates,0,,catalog,0,,,,,,,https://github.com/pyatkoff/poisk-turov-test/actions/runs/34231947633/artifacts/10058197990
3,unmatched,16232,The Three Corners Happy Life,unmatched,,unmatched,,catalog,no_saved_catalog_candidates,0,,catalog,0,,,,,,,https://github.com/pyatkoff/poisk-turov-test/actions/runs/34231947633/artifacts/10058197990
3,unmatched,18216,Steigenberger Makadi,unmatched,,unmatched,,catalog,no_saved_catalog_candidates,0,,catalog,0,,,,,,,https://github.com/pyatkoff/poisk-turov-test/actions/runs/34231947633/artifacts/10058197990
3,unmatched,19226,Stella Gardens Resort & Spa Makadi Bay,unmatched,,unmatched,,catalog,no_saved_catalog_candidates,0,,catalog,0,,,,,,,https://github.com/pyatkoff/poisk-turov-test/actions/runs/34231947633/artifacts/10058197990
3,unmatched,21281,Mazar Resort & Spa Sharm El Sheikh,unmatched,,unmatched,,catalog,no_saved_catalog_candidates,0,,catalog,0,,,,,,,https://github.com/pyatkoff/poisk-turov-test/actions/runs/34231947633/artifacts/10058197990
3,unmatched,22784,Gravity Hotel & Aqua Park Hurghada (Ex. Samra Bay Resort),unmatched,,unmatched,,catalog,no_saved_catalog_candidates,0,,catalog,0,,,,,,,https://github.com/pyatkoff/poisk-turov-test/actions/runs/34231947633/artifacts/10058197990
3,unmatched,25023,Royal Regency Club Sharm El Sheikh,unmatched,,unmatched,,catalog,no_saved_catalog_candidates,0,,catalog,0,,,,,,,https://github.com/pyatkoff/poisk-turov-test/actions/runs/34231947633/artifacts/10058197990
3,unmatched,27002,Sharm Dreams Vacation Club - Villa Only,unmatched,,unmatched,,catalog,no_saved_catalog_candidates,0,,catalog,0,,,,,,,https://github.com/pyatkoff/poisk-turov-test/actions/runs/34231947633/artifacts/10058197990
3,unmatched,28137,Parrotel Lagoon Resort Sharm El Sheikh,unmatched,,unmatched,,catalog,no_saved_catalog_candidates,0,,catalog,0,,,,,,,https://github.com/pyatkoff/poisk-turov-test/actions/runs/34231947633/artifacts/10058197990
3,unmatched,28396,Pickalbatros Laguna Vista Resort,unmatched,,unmatched,,catalog,no_saved_catalog_candidates,0,,catalog,0,,,,,,,https://github.com/pyatkoff/poisk-turov-test/actions/runs/34231947633/artifacts/10058197990
3,unmatched,28522,Pickalbatros Palace Resort Sharm El Sheikh,unmatched,,unmatched,,catalog,no_saved_catalog_candidates,0,,catalog,0,,,,,,,https://github.com/pyatkoff/poisk-turov-test/actions/runs/34231947633/artifacts/10058197990
3,unmatched,29642,Romance Regency Club,unmatched,,unmatched,,catalog,no_saved_catalog_candidates,0,,catalog,0,,,,,,,https://github.com/pyatkoff/poisk-turov-test/actions/runs/34231947633/artifacts/10058197990
3,unmatched,29878,Siva Sharm Resort & Spa,unmatched,,unmatched,,catalog,no_saved_catalog_candidates,0,,catalog,0,,,,,,,https://github.com/pyatkoff/poisk-turov-test/actions/runs/34231947633/artifacts/10058197990
3,unmatched,30031,Bliss Nada Beach Resort,unmatched,,unmatched,,catalog,no_saved_catalog_candidates,0,,catalog,0,,,,,,,https://github.com/pyatkoff/poisk-turov-test/actions/runs/34231947633/artifacts/10058197990
3,unmatched,30313,Ecotel Dahab Resort,unmatched,,unmatched,,catalog,no_saved_catalog_candidates,0,,catalog,0,,,,,,,https://github.com/pyatkoff/poisk-turov-test/actions/runs/34231947633/artifacts/10058197990
3,unmatched,31475,Palma Di Sharm Resort And Aqua Park,unmatched,,unmatched,,catalog,no_saved_catalog_candidates,0,,catalog,0,,,,,,,https://github.com/pyatkoff/poisk-turov-test/actions/runs/34231947633/artifacts/10058197990
3,unmatched,31786,Viva Blue Resort & Diving Sports,unmatched,,unmatched,,catalog,no_saved_catalog_candidates,0,,catalog,0,,,,,,,https://github.com/pyatkoff/poisk-turov-test/actions/runs/34231947633/artifacts/10058197990
3,unmatched,31924,Coral Sea Water World Resort,unmatched,,unmatched,,catalog,no_saved_catalog_candidates,0,,catalog,0,,,,,,,https://github.com/pyatkoff/poisk-turov-test/actions/runs/34231947633/artifacts/10058197990
3,unmatched,32979,Blend Club Aqua Resort,unmatched,,unmatched,,catalog,no_saved_catalog_candidates,0,,catalog,0,,,,,,,https://github.com/pyatkoff/poisk-turov-test/actions/runs/34231947633/artifacts/10058197990
3,unmatched,33119,Ancient Sands Golf Resort,unmatched,,unmatched,,catalog,no_saved_catalog_candidates,0,,catalog,0,,,,,,,https://github.com/pyatkoff/poisk-turov-test/actions/runs/34231947633/artifacts/10058197990
3,unmatched,33965,Sharm Plaza Sharm El Sheikh,unmatched,,unmatched,,catalog,no_saved_catalog_candidates,0,,catalog,0,,,,,,,https://github.com/pyatkoff/poisk-turov-test/actions/runs/34231947633/artifacts/10058197990
3,unmatched,33966,Sharm Resort Sharm El Sheikh,unmatched,,unmatched,,catalog,no_saved_catalog_candidates,0,,catalog,0,,,,,,,https://github.com/pyatkoff/poisk-turov-test/actions/runs/34231947633/artifacts/10058197990
3,unmatched,34512,Meraki Resort Sharm El Sheikh +16,unmatched,,unmatched,,catalog,no_saved_catalog_candidates,0,,catalog,0,,,,,,,https://github.com/pyatkoff/poisk-turov-test/actions/runs/34231947633/artifacts/10058197990
3,unmatched,36124,Amphoras Aqua Hotel Adult Only (+12),unmatched,,unmatched,,catalog,no_saved_catalog_candidates,0,,catalog,0,,,,,,,https://github.com/pyatkoff/poisk-turov-test/actions/runs/34231947633/artifacts/10058197990
3,unmatched,37012,Pickalbatros Villaggio Resort - Portofino,unmatched,,unmatched,,catalog,no_saved_catalog_candidates,0,,catalog,0,,,,,,,https://github.com/pyatkoff/poisk-turov-test/actions/runs/34231947633/artifacts/10058197990
3,unmatched,37013,Pickalbatros Vita Resort - Portofino,unmatched,,unmatched,,catalog,no_saved_catalog_candidates,0,,catalog,0,,,,,,,https://github.com/pyatkoff/poisk-turov-test/actions/runs/34231947633/artifacts/10058197990
3,unmatched,37048,Amarina Jannah Resort & Aqua Park,unmatched,,unmatched,,catalog,no_saved_catalog_candidates,0,,catalog,0,,,,,,,https://github.com/pyatkoff/poisk-turov-test/actions/runs/34231947633/artifacts/10058197990
3,unmatched,37276,Creek Hotel And Residences El Gouna,unmatched,,unmatched,,catalog,no_saved_catalog_candidates,0,,catalog,0,,,,,,,https://github.com/pyatkoff/poisk-turov-test/actions/runs/34231947633/artifacts/10058197990
3,unmatched,37441,Swissotel Sharm El Sheikh Managed By Rixos,unmatched,,unmatched,,catalog,no_saved_catalog_candidates,0,,catalog,0,,,,,,,https://github.com/pyatkoff/poisk-turov-test/actions/runs/34231947633/artifacts/10058197990
3,unmatched,37718,Posh Club By Sunrise Arabian Beach Resort,unmatched,,unmatched,,catalog,no_saved_catalog_candidates,0,,catalog,0,,,,,,,https://github.com/pyatkoff/poisk-turov-test/actions/runs/34231947633/artifacts/10058197990
3,unmatched,37719,Posh Club By Sunrise Diamond Beach Resort Grand Select,unmatched,,unmatched,,catalog,no_saved_catalog_candidates,0,,catalog,0,,,,,,,https://github.com/pyatkoff/poisk-turov-test/actions/runs/34231947633/artifacts/10058197990
3,unmatched,37720,Posh Club By Sunrise Montemare Resort,unmatched,,unmatched,,catalog,no_saved_catalog_candidates,0,,catalog,0,,,,,,,https://github.com/pyatkoff/poisk-turov-test/actions/runs/34231947633/artifacts/10058197990
3,unmatched,37721,Posh Club By Sunrise White Hills Resort,unmatched,,unmatched,,catalog,no_saved_catalog_candidates,0,,catalog,0,,,,,,,https://github.com/pyatkoff/poisk-turov-test/actions/runs/34231947633/artifacts/10058197990
3,unmatched,37827,Magic Life RedSina (EX. Iberotel RedSina),unmatched,,unmatched,,catalog,no_saved_catalog_candidates,0,,catalog,0,,,,,,,https://github.com/pyatkoff/poisk-turov-test/actions/runs/34231947633/artifacts/10058197990
3,unmatched,39880,Pickalbatros Luxury Suites (Ex. Golf Villas & Suites),unmatched,,unmatched,,catalog,no_saved_catalog_candidates,0,,catalog,0,,,,,,,https://github.com/pyatkoff/poisk-turov-test/actions/runs/34231947633/artifacts/10058197990
3,unmatched,39881,Pickalbatros Golf Beach Resort,unmatched,,unmatched,,catalog,no_saved_catalog_candidates,0,,catalog,0,,,,,,,https://github.com/pyatkoff/poisk-turov-test/actions/runs/34231947633/artifacts/10058197990
3,unmatched,40376,Sunrise Solara Aqua Park Resort,unmatched,,unmatched,,catalog,no_saved_catalog_candidates,0,,catalog,0,,,,,,,https://github.com/pyatkoff/poisk-turov-test/actions/runs/34231947633/artifacts/10058197990
3,unmatched,42809,Invidia Coral Beach Tiran,unmatched,,unmatched,,catalog,no_saved_catalog_candidates,0,,catalog,0,,,,,,,https://github.com/pyatkoff/poisk-turov-test/actions/runs/34231947633/artifacts/10058197990
3,unmatched,42927,Cardina Resort By Sunrise,unmatched,,unmatched,,catalog,no_saved_catalog_candidates,0,,catalog,0,,,,,,,https://github.com/pyatkoff/poisk-turov-test/actions/runs/34231947633/artifacts/10058197990
3,unmatched,43257,Jaz Palmariva Beach,unmatched,,unmatched,,catalog,no_saved_catalog_candidates,0,,catalog,0,,,,,,,https://github.com/pyatkoff/poisk-turov-test/actions/runs/34231947633/artifacts/10058197990
3,unmatched,43384,Fiord Club Resort & Spa Nuweiba,unmatched,,unmatched,,catalog,no_saved_catalog_candidates,0,,catalog,0,,,,,,,https://github.com/pyatkoff/poisk-turov-test/actions/runs/34231947633/artifacts/10058197990
